"","TaxaGroup","N_Occurence","Percent_Occurence"
"1","Amphipoda",1,0.336700336700337
"2","Isopoda",10,3.36700336700337
"3","Cardiidae",19,6.3973063973064
"4","Myidae",2,0.673400673400673
"5","Neritidae",23,7.74410774410774
"6","Littorinimorpha (large)",19,6.3973063973064
"7","Littorinimorpha (small)",109,36.7003367003367
"8","Other",120,40.4040404040404
